file,requested_artist,requested_album,matched_artist,matched_album,collection_id,artwork_url,store_url,bytes
album_covers/01_the_beatles_abbey_road_2019_mix.jpg,The Beatles,Abbey Road,The Beatles,Abbey Road (2019 Mix),1474815798,https://is1-ssl.mzstatic.com/image/thumb/Music211/v4/48/53/43/485343e3-dd6a-0034-faec-f4b6403f8108/13UMGIM63890.rgb.jpg/1200x1200bb.jpg,https://music.apple.com/us/album/abbey-road-2019-mix/1474815798?uo=4,522217
album_covers/02_pink_floyd_the_dark_side_of_the_moon.jpg,Pink Floyd,The Dark Side of the Moon,Pink Floyd,The Dark Side of the Moon,1065973699,https://is1-ssl.mzstatic.com/image/thumb/Music221/v4/3e/76/b0/3e76b0e3-762b-2286-a019-8afb19cee541/886445635829.jpg/1200x1200bb.jpg,https://music.apple.com/us/album/the-dark-side-of-the-moon/1065973699?uo=4,68012
album_covers/03_nirvana_nevermind.jpg,Nirvana,Nevermind,Nirvana,Nevermind,1440783617,https://is1-ssl.mzstatic.com/image/thumb/Music115/v4/95/fd/b9/95fdb9b2-6d2b-92a6-97f2-51c1a6d77f1a/00602527874609.rgb.jpg/1200x1200bb.jpg,https://music.apple.com/us/album/nevermind/1440783617?uo=4,332091
album_covers/04_michael_jackson_thriller.jpg,Michael Jackson,Thriller,Michael Jackson,Thriller,269572838,https://is1-ssl.mzstatic.com/image/thumb/Music115/v4/32/4f/fd/324ffda2-9e51-8f6a-0c2d-c6fd2b41ac55/074643811224.jpg/1200x1200bb.jpg,https://music.apple.com/us/album/thriller/269572838?uo=4,347178
album_covers/05_fleetwood_mac_rumours.jpg,Fleetwood Mac,Rumours,Fleetwood Mac,Rumours,594061854,https://is1-ssl.mzstatic.com/image/thumb/Music124/v4/4d/13/ba/4d13bac3-d3d5-7581-2c74-034219eadf2b/081227970949.jpg/1200x1200bb.jpg,https://music.apple.com/us/album/rumours/594061854?uo=4,227166
album_covers/06_david_bowie_the_rise_and_fall_of_ziggy_stardust_and_the_spiders_from_mars_2012_remaster.jpg,David Bowie,The Rise and Fall of Ziggy Stardust and the Spiders from Mars,David Bowie,The Rise and Fall of Ziggy Stardust and the Spiders from Mars (2012 Remaster),1039796877,https://is1-ssl.mzstatic.com/image/thumb/Music114/v4/5f/fa/56/5ffa56c2-ea1f-7a17-6bad-192ff9b6476d/825646124206.jpg/1200x1200bb.jpg,https://music.apple.com/us/album/the-rise-and-fall-of-ziggy-stardust-and-the/1039796877?uo=4,566304
album_covers/07_the_velvet_underground_and_nico_the_velvet_underground_and_nico_45th_anniversary_edition.jpg,The Velvet Underground,The Velvet Underground & Nico,The Velvet Underground & Nico,The Velvet Underground & Nico (45th Anniversary Edition),1440851613,https://is1-ssl.mzstatic.com/image/thumb/Music112/v4/92/93/39/9293397f-a707-237e-ec7e-0ca613a67e3c/06UMGIM04143.rgb.jpg/1200x1200bb.jpg,https://music.apple.com/us/album/the-velvet-underground-nico-45th-anniversary-edition/1440851613?uo=4,158843
album_covers/08_radiohead_ok_computer.jpg,Radiohead,OK Computer,Radiohead,OK Computer,1097861387,https://is1-ssl.mzstatic.com/image/thumb/Music116/v4/07/60/ba/0760ba0f-148c-b18f-d0ff-169ee96f3af5/634904078164.png/1200x1200bb.jpg,https://music.apple.com/us/album/ok-computer/1097861387?uo=4,291462
album_covers/09_prince_and_the_revolution_purple_rain.jpg,Prince,Purple Rain,Prince & The Revolution,Purple Rain,1746833068,https://is1-ssl.mzstatic.com/image/thumb/Music211/v4/00/17/f2/0017f24f-e580-b77a-71a8-1bc7b75881bf/603497822065.jpg/1200x1200bb.jpg,https://music.apple.com/us/album/purple-rain/1746833068?uo=4,429222
album_covers/10_kanye_west_my_beautiful_dark_twisted_fantasy.jpg,Kanye West,My Beautiful Dark Twisted Fantasy,Kanye West,My Beautiful Dark Twisted Fantasy,1443160553,https://is1-ssl.mzstatic.com/image/thumb/Music124/v4/d1/74/da/d174dacf-5782-dfe2-19f7-ce037dcd0237/00602527584935.rgb.jpg/1200x1200bb.jpg,https://music.apple.com/us/album/my-beautiful-dark-twisted-fantasy/1443160553?uo=4,197426
album_covers/11_kendrick_lamar_good_kid_m_a_a_d_city.jpg,Kendrick Lamar,"good kid, m.A.A.d city",Kendrick Lamar,"good kid, m.A.A.d city",1471277623,https://is1-ssl.mzstatic.com/image/thumb/Music112/v4/9a/50/a1/9a50a1d8-01c2-2504-8d99-3f2fc7e5c2ff/12UMGIM52988.rgb.jpg/1200x1200bb.jpg,https://music.apple.com/us/album/good-kid-m-a-a-d-city/1471277623?uo=4,379666
album_covers/12_lauryn_hill_the_miseducation_of_lauryn_hill.jpg,Lauryn Hill,The Miseducation of Lauryn Hill,Lauryn Hill,The Miseducation of Lauryn Hill,1276760743,https://is1-ssl.mzstatic.com/image/thumb/Music125/v4/09/6b/55/096b55c4-ee8f-23bd-df8f-0ca0821f3028/886446727189.jpg/1200x1200bb.jpg,https://music.apple.com/us/album/the-miseducation-of-lauryn-hill/1276760743?uo=4,659799
album_covers/13_miles_davis_kind_of_blue.jpg,Miles Davis,Kind of Blue,Miles Davis,Kind of Blue,268443092,https://is1-ssl.mzstatic.com/image/thumb/Music/7f/9f/d6/mzi.vtnaewef.jpg/1200x1200bb.jpg,https://music.apple.com/us/album/kind-of-blue/268443092?uo=4,61116
album_covers/14_john_coltrane_a_love_supreme.jpg,John Coltrane,A Love Supreme,John Coltrane,A Love Supreme,1440713018,https://is1-ssl.mzstatic.com/image/thumb/Music114/v4/e5/24/aa/e524aacd-467b-66f3-8931-0fcd6750a4b9/08UMGIM07914.rgb.jpg/1200x1200bb.jpg,https://music.apple.com/us/album/a-love-supreme/1440713018?uo=4,321686
album_covers/15_daft_punk_discovery.jpg,Daft Punk,Discovery,Daft Punk,Discovery,697194953,https://is1-ssl.mzstatic.com/image/thumb/Music221/v4/fd/4a/77/fd4a77db-0ebc-d043-41a2-f32fa1bb0fb4/dj.qrikkdwj.jpg/1200x1200bb.jpg,https://music.apple.com/us/album/discovery/697194953?uo=4,220989
album_covers/16_beyonc_lemonade.jpg,Beyonce,Lemonade,Beyoncé,Lemonade,1460432013,https://is1-ssl.mzstatic.com/image/thumb/Music115/v4/d2/53/65/d2536587-c7f3-9153-4677-f5a2f3e9e5ad/886447691120.jpg/1200x1200bb.jpg,https://music.apple.com/us/album/lemonade/1460432013?uo=4,453463
album_covers/17_taylor_swift_1989.jpg,Taylor Swift,1989,Taylor Swift,1989,1440935467,https://is1-ssl.mzstatic.com/image/thumb/Music221/v4/89/4a/4a/894a4ab9-b0b0-9ea5-ca41-8da0b9b79453/14UMDIM03405.rgb.jpg/1200x1200bb.jpg,https://music.apple.com/us/album/1989/1440935467?uo=4,165246
album_covers/18_billie_eilish_when_we_all_fall_asleep_where_do_we_go.jpg,Billie Eilish,"WHEN WE ALL FALL ASLEEP, WHERE DO WE GO?",Billie Eilish,"WHEN WE ALL FALL ASLEEP, WHERE DO WE GO?",1450695723,https://is1-ssl.mzstatic.com/image/thumb/Music115/v4/1a/37/d1/1a37d1b1-8508-54f2-f541-bf4e437dda76/19UMGIM05028.rgb.jpg/1200x1200bb.jpg,https://music.apple.com/us/album/when-we-all-fall-asleep-where-do-we-go/1450695723?uo=4,171834
album_covers/19_amy_winehouse_back_to_black.jpg,Amy Winehouse,Back to Black,Amy Winehouse,Back to Black,1440856219,https://is1-ssl.mzstatic.com/image/thumb/Music112/v4/cf/3f/09/cf3f0994-980d-d8ed-088d-ae89af256b73/15UMGIM24224.rgb.jpg/1200x1200bb.jpg,https://music.apple.com/us/album/back-to-black/1440856219?uo=4,351779
album_covers/20_adele_21.jpg,Adele,21,Adele,21,1544491232,https://is1-ssl.mzstatic.com/image/thumb/Music221/v4/eb/ca/25/ebca2596-cd1e-b295-91a3-771c868d0a79/191404113868.png/1200x1200bb.jpg,https://music.apple.com/us/album/21/1544491232?uo=4,273659
album_covers/21_arctic_monkeys_am.jpg,Arctic Monkeys,AM,Arctic Monkeys,AM,663097964,https://is1-ssl.mzstatic.com/image/thumb/Music113/v4/cc/0f/2d/cc0f2d02-5ff1-10e7-eea2-76863a55dbad/887828031795.png/1200x1200bb.jpg,https://music.apple.com/us/album/am/663097964?uo=4,98528
album_covers/22_the_strokes_is_this_it.jpg,The Strokes,Is This It,The Strokes,Is This It,266376953,https://is1-ssl.mzstatic.com/image/thumb/Features115/v4/ea/04/d4/ea04d45d-6f5d-ede6-fb64-71f3e6a6e62f/dj.ojkzzidd.jpg/1200x1200bb.jpg,https://music.apple.com/us/album/is-this-it/266376953?uo=4,143381
album_covers/23_the_clash_london_calling_expanded_edition.jpg,The Clash,London Calling,The Clash,London Calling (Expanded Edition),267986379,https://is1-ssl.mzstatic.com/image/thumb/Music115/v4/93/cb/20/93cb201b-154b-7b74-a10b-48fbef9b3281/888880348937.jpg/1200x1200bb.jpg,https://music.apple.com/us/album/london-calling-expanded-edition/267986379?uo=4,250136
album_covers/24_joy_division_unknown_pleasures_2019_digital_master.jpg,Joy Division,Unknown Pleasures,Joy Division,Unknown Pleasures (2019 Digital Master),1476702180,https://is1-ssl.mzstatic.com/image/thumb/Music125/v4/13/90/c0/1390c072-4249-3739-7b3d-fd73ee4a5698/825646562831.jpg/1200x1200bb.jpg,https://music.apple.com/us/album/unknown-pleasures-2019-digital-master/1476702180?uo=4,164965
album_covers/25_metallica_master_of_puppets_expanded_edition.jpg,Metallica,Master of Puppets,Metallica,Master of Puppets (Expanded Edition),1275551221,https://is1-ssl.mzstatic.com/image/thumb/Music118/v4/ed/ee/7f/edee7f18-85b6-ebb4-0620-89cbe56fe205/858978005554.png/1200x1200bb.jpg,https://music.apple.com/us/album/master-of-puppets-expanded-edition/1275551221?uo=4,428250
album_covers/26_ac_dc_back_in_black.jpg,AC/DC,Back In Black,AC/DC,Back In Black,574050396,https://is1-ssl.mzstatic.com/image/thumb/Music115/v4/1e/14/58/1e145814-281a-58e0-3ab1-145f5d1af421/886443673441.jpg/1200x1200bb.jpg,https://music.apple.com/us/album/back-in-black/574050396?uo=4,60931
album_covers/27_bob_dylan_highway_61_revisited.jpg,Bob Dylan,Highway 61 Revisited,Bob Dylan,Highway 61 Revisited,201281514,https://is1-ssl.mzstatic.com/image/thumb/Music115/v4/f8/ff/c0/f8ffc056-55b4-2033-657d-32492d1eea25/827969239926.jpg/1200x1200bb.jpg,https://music.apple.com/us/album/highway-61-revisited/201281514?uo=4,261568
album_covers/28_joni_mitchell_blue.jpg,Joni Mitchell,Blue,Joni Mitchell,Blue,1492263092,https://is1-ssl.mzstatic.com/image/thumb/Music125/v4/00/a2/43/00a24363-cf69-bfd2-a26a-a042d57ab141/075992719926.jpg/1200x1200bb.jpg,https://music.apple.com/us/album/blue/1492263092?uo=4,254796
album_covers/29_marvin_gaye_what_s_going_on.jpg,Marvin Gaye,What's Going On,Marvin Gaye,What's Going On,1538081586,https://is1-ssl.mzstatic.com/image/thumb/Music112/v4/76/36/2d/76362d74-cb7a-8ef9-104e-cde1d858e9a9/20UMGIM95279.rgb.jpg/1200x1200bb.jpg,https://music.apple.com/us/album/whats-going-on/1538081586?uo=4,509049
album_covers/30_stevie_wonder_songs_in_the_key_of_life.jpg,Stevie Wonder,Songs in the Key of Life,Stevie Wonder,Songs in the Key of Life,1440788438,https://is1-ssl.mzstatic.com/image/thumb/Music118/v4/eb/1f/12/eb1f12ec-474c-63aa-43af-09282f423b9d/00602537004737.rgb.jpg/1200x1200bb.jpg,https://music.apple.com/us/album/songs-in-the-key-of-life/1440788438?uo=4,329110
album_covers/01_frank_ocean_blonde.jpg,Frank Ocean,blonde,Frank Ocean,Blonde,,http://p2.music.126.net/6-TgBhtH2gK2rA2G582Fpg==/109951167817024864.jpg,https://music.163.com/album?id=null,215640
album_covers/02_lu1_blue.jpg,Lu1,blue,Lu1,blue,6778180351,https://is1-ssl.mzstatic.com/image/thumb/Music211/v4/53/bb/2c/53bb2cd7-769a-cfd7-7d26-eb84e5079eec/cover.jpg/1200x1200bb.jpg,https://music.apple.com/us/album/blue/6778180351?uo=4,29918
album_covers/03_black_country_new_road_ants_from_up_there.jpg,"Black Country, New Road",Ants From Up There,"Black Country, New Road",Ants From Up There,1586070259,https://is1-ssl.mzstatic.com/image/thumb/Music221/v4/8f/6a/c6/8f6ac6c6-5bcd-fa25-94f2-fd9922725215/5054429151442.png/1200x1200bb.jpg,https://music.apple.com/us/album/ants-from-up-there/1586070259?uo=4,493916
album_covers/04_radiohead_in_rainbows.jpg,Radiohead,In Rainbows,Radiohead,In Rainbows,1109714933,https://is1-ssl.mzstatic.com/image/thumb/Music126/v4/dd/50/c7/dd50c790-99ac-d3d0-5ab8-e3891fb8fd52/634904032463.png/1200x1200bb.jpg,https://music.apple.com/us/album/in-rainbows/1109714933?uo=4,499013
album_covers/05_sun_shengxi_chu_mo_di_dai.jpg,孙盛希,出没地带,孫盛希,出沒地帶,1542904440,https://is1-ssl.mzstatic.com/image/thumb/Music114/v4/0d/d1/8c/0dd18cc4-c17b-3bf0-44f5-67ead4d846c4/4710149682291.jpg/1200x1200bb.jpg,https://music.apple.com/tw/album/%E5%87%BA%E6%B2%92%E5%9C%B0%E5%B8%B6/1542904440?uo=4,407361
album_covers/06_zhang_xingchan_no_no.jpg,张醒婵,"No, no",张醒婵,"No, no !",1753866712,https://is1-ssl.mzstatic.com/image/thumb/Music211/v4/83/8b/6f/838b6f3b-6ae9-09c1-11c4-dbf273ab6c6f/cover.jpg/1200x1200bb.jpg,https://music.apple.com/us/album/no-no/1753866712?uo=4,423807
album_covers/07_cornelius_fantasma.jpg,Cornelius,fantasma,Cornelius,Fantasma (Remastered),1254006696,https://is1-ssl.mzstatic.com/image/thumb/Music114/v4/20/5e/d0/205ed0cf-8af1-385a-8dce-ee2400632d9a/859721636049_cover.jpg/1200x1200bb.jpg,https://music.apple.com/us/album/fantasma-remastered/1254006696?uo=4,164680
album_covers/08_newjeans_supernatural.jpg,NewJeans,Supernatural,NewJeans,Supernatural - Single,1750576829,https://is1-ssl.mzstatic.com/image/thumb/Music211/v4/ab/ce/d6/abced6f6-2b90-c230-eb4b-e146734a3a22/196922907821_Cover.jpg/1200x1200bb.jpg,https://music.apple.com/us/album/supernatural-single/1750576829?uo=4,111498
album_covers/09_tomcbumpz_comfortable_silence.jpg,tomcbumpz,comfortable silence,Tomcbumpz,Comfortable Silence,1661890599,https://is1-ssl.mzstatic.com/image/thumb/Music113/v4/02/1c/4b/021c4b1e-be93-2a46-4e86-da430bdb7f3a/artwork.jpg/1200x1200bb.jpg,https://music.apple.com/us/album/comfortable-silence/1661890599?uo=4,355501
album_covers/10_sweet_trip_velocity_design_comfort.jpg,Sweet Trip,Velocity : Design : Comfort.,Sweet Trip,velocity : design : comfort.,299710177,https://is1-ssl.mzstatic.com/image/thumb/Music115/v4/c3/e8/4c/c3e84cec-9489-62af-2fad-4c76cc4836e7/mzi.dlnvjlfx.jpg/1200x1200bb.jpg,https://music.apple.com/us/album/velocity-design-comfort/299710177?uo=4,151393
album_covers/11_shiina_ringos_shouso_strip.jpg,椎名林檎,胜诉的新宿舞娘,Sheena Ringo,Shouso Strip - Winning Strip,1385305936,https://is1-ssl.mzstatic.com/image/thumb/Music125/v4/17/d2/81/17d281fc-298d-f5c3-b69c-f557a423850d/00602567661245.rgb.jpg/1200x1200bb.jpg,https://music.apple.com/us/album/shouso-strip-winning-strip/1385305936?uo=4,133013
album_covers/12_portishead_roseland_nyc_live.jpg,Portishead,Roseland NYC Live,Portishead,"Roseland, NYC Live",1440913466,https://is1-ssl.mzstatic.com/image/thumb/Music124/v4/cb/07/1f/cb071fa3-27b0-78af-7ac6-dbe8fc98bf65/00731455942422.rgb.jpg/1200x1200bb.jpg,https://music.apple.com/us/album/roseland-nyc-live/1440913466?uo=4,226680
album_covers/13_waa_wei_you_ya_de_ci_wei.jpg,魏如萱,优雅的刺猬,魏如萱,優雅的刺蝟,1495807943,https://is1-ssl.mzstatic.com/image/thumb/Music113/v4/d9/1f/39/d91f39b6-1e5f-fff0-fae7-e9637ce2bdf2/4714398626105.jpg/1200x1200bb.jpg,https://music.apple.com/tw/album/%E5%84%AA%E9%9B%85%E7%9A%84%E5%88%BA%E8%9D%9F/1495807943?uo=4,336301
album_covers/14_toe_the_book_about_my_idle_plot_on_a_vague_anxiety.jpg,toe,the book about my idle plot on a vague anxiety.,toe,the book about my idle plot on a vague anxiety,532411256,https://is1-ssl.mzstatic.com/image/thumb/Music211/v4/20/91/3d/20913d33-3544-2496-fb5b-1cfaa0487fa6/4538182201770.png/1200x1200bb.jpg,https://music.apple.com/us/album/the-book-about-my-idle-plot-on-a-vague-anxiety/532411256?uo=4,401402
album_covers/15_sampha_lahai.jpg,Sampha,Lahai,Sampha,Lahai,1702662891,https://is1-ssl.mzstatic.com/image/thumb/Music126/v4/27/c0/04/27c00450-0822-d948-8a62-13072ebe1261/889030031273.png/1200x1200bb.jpg,https://music.apple.com/us/album/lahai/1702662891?uo=4,167553
album_covers/16_tyler_the_creator_igor.jpg,"Tyler, The Creator",IGOR,"Tyler, The Creator",IGOR,,http://p1.music.126.net/GlAoswYyczXw_I6n6L1sdg==/109951165986564278.jpg,https://music.163.com/album?id=null,276116
album_covers/17_stereolab_dots_and_loops.jpg,Stereolab,Dots And Loops,Stereolab,Dots and Loops,1230517312,https://is1-ssl.mzstatic.com/image/thumb/Music124/v4/62/7d/5f/627d5f5a-76b2-f500-6b52-60957d5e170c/5060384612195.jpg/1200x1200bb.jpg,https://music.apple.com/us/album/dots-and-loops/1230517312?uo=4,229315
album_covers/18_aphex_twin_richard_d_james_album.jpg,Aphex Twin,Richard D. James Album,Aphex Twin,Richard D. James Album,281111401,https://is1-ssl.mzstatic.com/image/thumb/Music/bc/20/6b/mzi.nhqretkn.jpg/1200x1200bb.jpg,https://music.apple.com/us/album/richard-d-james-album/281111401?uo=4,247877
album_covers/19_oh_yoko_i_love_you.jpg,"Oh, Yoko",I love You...,"Oh, Yoko",I Love You...,1061019556,https://is1-ssl.mzstatic.com/image/thumb/Music69/v4/19/0a/32/190a3258-e5f3-6758-3d52-b5c74bbfc441/cover.jpg/1200x1200bb.jpg,https://music.apple.com/us/album/i-love-you/1061019556?uo=4,272535
album_covers/20_various_artists_the_sound_of_70s.jpg,(无艺人名),The Sound Of '70s,Vários Artistas,The Sound of '70s - Vintage Greatest Hits,1565812099,https://is1-ssl.mzstatic.com/image/thumb/Music125/v4/be/77/8d/be778d0a-9465-a3ce-5bdb-11e71b088a67/7898635621812.jpg/1200x1200bb.jpg,https://music.apple.com/us/album/the-sound-of-70s-vintage-greatest-hits/1565812099?uo=4,427800
album_covers/21_aco_absolute_ego.jpg,ACO,absolute ego,ACO,absolute ego,1536941422,https://is1-ssl.mzstatic.com/image/thumb/Music125/v4/87/d6/94/87d69460-892d-abf8-7cbb-3d443e866485/jacket_MHXX01570B00Z_550.jpg/1200x1200bb.jpg,https://music.apple.com/us/album/absolute-ego/1536941422?uo=4,40277
album_covers/22_fred_again_ten_days.jpg,Fred again..,Ten Days,Fred again..,ten days,,http://p1.music.126.net/jGsIdURrIeu1oe7C9R1mRg==/109951169926841978.jpg,https://music.163.com/album?id=null,180554
album_covers/23_caroline_caroline_2.jpg,caroline,caroline 2,caroline,caroline 2,1799196128,https://is1-ssl.mzstatic.com/image/thumb/Music221/v4/62/d5/aa/62d5aa44-1d5a-37dd-9e18-83e9f945877a/191402053579.png/1200x1200bb.jpg,https://music.apple.com/us/album/caroline-2/1799196128?uo=4,250940
album_covers/24_fayzz_days_gone.jpg,Fayzz,Days Gone,Fayzz,Days Gone,1715661363,https://is1-ssl.mzstatic.com/image/thumb/Music116/v4/43/a9/c6/43a9c6d8-33dd-fa60-7e34-e07495363397/4525853479699.jpg/1200x1200bb.jpg,https://music.apple.com/us/album/days-gone/1715661363?uo=4,214271
album_covers/25_the_strokes_is_this_it.jpg,The Strokes,Is This It,The Strokes,Is This It,266376953,https://is1-ssl.mzstatic.com/image/thumb/Features115/v4/ea/04/d4/ea04d45d-6f5d-ede6-fb64-71f3e6a6e62f/dj.ojkzzidd.jpg/1200x1200bb.jpg,https://music.apple.com/us/album/is-this-it/266376953?uo=4,143381
album_covers/26_biao_qing_yin_hang_hei_dao.jpg,表情银行,嘿！岛,Mimik Banka,嘿!岛 - EP,1705381201,https://is1-ssl.mzstatic.com/image/thumb/Music126/v4/20/95/3d/20953dd0-c558-8583-5e97-6349f2d3db99/cover.jpg/1200x1200bb.jpg,https://music.apple.com/us/album/%E5%98%BF-%E5%B2%9B-ep/1705381201?uo=4,71249
album_covers/27_lu1_wu_ye_lie_che_shang_de_gao_bie.jpg,Lu1,午夜列车上的告别,Lu1,午夜列车上的告别,,http://p2.music.126.net/SI1LbASpXJWALTTDivi7og==/3399689958970809.jpg,https://music.163.com/album?id=null,49618
album_covers/28_frank_ocean_channel_orange.jpg,Frank Ocean,channel ORANGE,Frank Ocean,channel ORANGE,,http://p2.music.126.net/D2PkpLIVPQhen22WKaFo9w==/109951170271192448.jpg,https://music.163.com/album?id=null,227385
album_covers/29_cheer_chen_ji_ta_shou.jpg,陈绮贞,吉他手,Cheer Chen,吉他手,152197399,https://is1-ssl.mzstatic.com/image/thumb/Music125/v4/3c/a2/21/3ca22123-14d6-57f4-9e52-aa4573a05b07/mzm.clkcarof.jpg/1200x1200bb.jpg,https://music.apple.com/us/album/%E5%90%89%E4%BB%96%E6%89%8B/152197399?uo=4,404378
album_covers/30_ciacia_ta_de_fa_guang_yao_bai.jpg,ciacia,她的。发光摇摆,何欣穗,她的。发光摇摆,,http://p2.music.126.net/jmYNipDA9KSgM5Co4tiVqA==/109951170216161880.jpg,https://music.163.com/album?id=null,113185
album_covers/20_sunahara_yoshinori_the_sound_of_70s.jpg,砂原良徳（用户更正）,The Sound Of '70s,砂原良徳,The Sound Of '70s,3115532,https://p1.music.126.net/xDkxsBMs0YuHYFcsv12RcQ==/7862607650869189.jpg,https://music.163.com/album?id=3115532,25018
